player_id,player_name,position,team
13229,Rob Gronkowski,te,ne
16733,Odell Beckham Jr,wr,nyg
13934,Antonio Brown,wr,pit
12514,LeSean McCoy,rb,buf
11270,Jordy Nelson,wr,oak
17442,David Johnson,rb,ari
13982,Julio Jones,wr,atl
8439,Aaron Rodgers,qb,gb
11283,DeSean Jackson,wr,tb
17556,Jay Ajayi,rb,phi
13983,AJ Green,wr,cin
16944,Devonta Freeman,rb,atl
17586,Melvin Gordon,rb,lac
15825,LeVeon Bell,rb,pit
16737,Mike Evans,wr,tb
16731,Brandin Cooks,wr,lar
17834,Michael Thomas,wr,no
17919,Jordan Howard,rb,chi
14005,DeMarco Murray,rb,ten
14221,Doug Baldwin,wr,sea
18218,Leonard Fournette,rb,jax
17677,Amari Cooper,wr,oak
17797,Ezekiel Elliott,rb,dal
10456,Marshawn Lynch,rb,oak
14924,TY Hilton,wr,ind
17683,Todd Gurley II,rb,lar
14851,Terrelle Pryor Sr,wr,nyj
15818,Keenan Allen,wr,lac
13215,Dez Bryant,wr,dal
13216,Demaryius Thomas,wr,den
14912,Alshon Jeffery,wr,phi
2580,Drew Brees,qb,no
14886,Lamar Miller,rb,hou
13217,Golden Tate,wr,det
15795,DeAndre Hopkins,wr,hou
17133,Isaiah Crowell,rb,nyj
18225,Kareem Hunt,rb,kc
18279,Christian McCaffrey,rb,car
12563,Michael Crabtree,wr,bal
18260,Dalvin Cook,rb,min
17929,Tyreek Hill,wr,kc
16777,Carlos Hyde,rb,cle
16800,Davante Adams,wr,gb
5528,Larry Fitzgerald,wr,ari
15860,Jordan Reed,te,wsh
17611,Ty Montgomery,rb,gb
16790,Jarvis Landry,wr,cle
11788,Danny Woodhead,rb,bal
13981,Mark Ingram,rb,no
16799,Allen Robinson,wr,chi
2330,Tom Brady,qb,ne
13295,Emmanuel Sanders,wr,den
17600,Jamison Crowder,wr,wsh
15847,Travis Kelce,te,kc
8479,Frank Gore,rb,mia
10475,Greg Olsen,te,car
16730,Kelvin Benjamin,wr,buf
13232,Jimmy Graham,te,gb
17676,Stefon Diggs,wr,min
16886,Martavis Bryant,wr,pit
11237,Matt Ryan,qb,atl
14129,Bilal Powell,rb,nyj
14881,Russell Wilson,qb,sea
9705,Brandon Marshall,wr,nyg
15683,Justin Tucker,k,bal
12579,Jeremy Maclin,wr,bal
18193,Joe Mixon,rb,cin
15952,Mike Gillislee,rb,ne
15848,Eddie Lacy,rb,sea
16725,Sammy Watkins,wr,kc
17593,DeVante Parker,wr,mia
17580,Ameer Abdullah,rb,det
10452,Adrian Peterson,rb,ari
13994,Cam Newton,qb,car
17918,Paul Perkins,rb,nyg
11238,Darren McFadden,rb,dal
11439,Pierre Garcon,wr,sf
15994,Theo Riddick,rb,det
17739,Thomas Rawls,rb,nyj
16040,CJ Anderson,rb,den
17184,Willie Snead,wr,no
11278,Matt Forte,rb,nyj
18078,Rob Kelley,rb,wsh
16783,Terrance West,rb,bal
13271,Eric Decker,wr,ten
17689,Tevin Coleman,rb,atl
11247,Jonathan Stewart,rb,nyg
9761,Delanie Walker,te,ten
16757,Derek Carr,qb,oak
14054,Kyle Rudolph,te,min
14880,Kirk Cousins,qb,min
12601,Mike Wallace,wr,phi
17658,Duke Johnson Jr,rb,cle
16791,Donte Moncrief,wr,jax
60026,Seahawks d_st,d_st,sea
8544,Darren Sproles,rb,phi
60012,Chiefs d_st,d_st,kc
15835,Zach Ertz,te,phi
12556,Kenny Britt,wr,ne
17178,Adam Thielen,wr,min
16913,James White,rb,ne
17762,Tyrell Williams,wr,lac
14053,Randall Cobb,wr,gb
60007,Broncos d_st,d_st,den
15826,Giovani Bernard,rb,cin
60022,Cardinals d_st,d_st,ari
60034,Texans d_st,d_st,hou
11295,Martellus Bennett,te,ne
14885,Doug Martin,rb,oak
15788,Tyler Eifert,te,cin
14874,Andrew Luck,qb,ind
17907,Dak Prescott,qb,dal
17822,Hunter Henry,te,lac
13213,LeGarrette Blount,rb,det
15102,Rishard Matthews,wr,ten
14402,Chris Hogan,wr,ne
5529,Philip Rivers,qb,lac
16763,Jordan Matthews,wr,ne
9704,Stephen Gostkowski,k,ne
11674,Danny Amendola,wr,mia
15920,Latavius Murray,rb,min
12483,Matthew Stafford,qb,det
17832,Derrick Henry,rb,ten
4333,Matt Bryant,k,atl
60016,Vikings d_st,d_st,min
1097,Adam Vinatieri,k,ind
15058,Blair Walsh,k,sea
17869,CJ Prosise,rb,sea
18320,Corey Davis,wr,ten
16804,John Brown,wr,bal
60017,Patriots d_st,d_st,ne
14322,Dan Bailey,k,dal
60004,Bengals d_st,d_st,cin
10636,Mason Crosby,k,gb
14193,Jacquizz Rodgers,rb,tb
2148,Sebastian Janikowski,k,oak
5536,Ben Roethlisberger,qb,pit
11122,Matt Prater,k,det
11923,Stephen Hauschka,k,buf
60030,Jaguars d_st,d_st,jac
17399,Jameis Winston,qb,tb
60029,Panthers d_st,d_st,car
17610,Marcus Mariota,qb,ten
4527,Jason Witten,te,dal
16732,Eric Ebron,te,ind
5526,Eli Manning,qb,nyg
17784,Cameron Brate,te,tb
14012,Andy Dalton,qb,cin
10453,Ted Ginn Jr,wr,no
4459,Carson Palmer,qb,ari
11252,Joe Flacco,qb,bal
11307,Jamaal Charles,rb,den
18223,Zay Jones,wr,buf
15072,Marvin Jones Jr,wr,det
14900,Coby Fleener,te,no
16504,Jack Doyle,te,ind
17921,Wendell Smallwood,rb,phi
17861,Austin Hooper,te,atl
18104,Wil Lutz,k,no
18409,Harrison Butker,k,kc
14032,Torrey Smith,wr,car
60023,Steelers d_st,d_st,pit
17682,Devin Funchess,wr,car
17703,Kevin White,wr,chi
8475,Vincent Jackson,wr,tb
14017,Shane Vereen,rb,nyg
17750,Cameron Meredith,wr,no
17827,Sterling Shepard,wr,nyg
17805,Corey Coleman,wr,cle
14922,Mohamed Sanu,wr,atl
16020,Spencer Ware,rb,kc
17810,Josh Doctson,wr,wsh
16016,Kenny Stills,wr,mia
16803,Jeremy Hill,rb,ne
18194,Samaje Perine,rb,wsh
18284,Curtis Samuel,wr,car
17915,DeAndre Washington,rb,oak
15971,Rex Burkhead,rb,ne
18236,James Conner,rb,pit
13587,Chris Ivory,rb,buf
16749,Charles Sims,rb,tb
18345,Kenny Golladay,wr,det
18196,DOnta Foreman,rb,hou
18287,Ryan Switzer,wr,dal
15349,Cole Beasley,wr,dal
60015,Dolphins d_st,d_st,mia
17163,Allen Hurns,wr,dal
15966,Chris Thompson,rb,wsh
18362,Jamaal Williams,rb,gb
18235,Mike Williams,wr,lac
18395,John Ross,wr,cin
18097,Robby Anderson,wr,nyj
17795,Carson Wentz,qb,phi
17864,Braxton Miller,wr,hou
15009,Alfred Morris,rb,dal
17674,Breshad Perriman,wr,bal
17908,Devontae Booker,rb,den
15880,Robert Woods,wr,lar
5362,Antonio Gates,te,lac
17619,Tyler Lockett,wr,sea
15965,Dustin Hopkins,k,wsh
12576,Brandon LaFell,wr,cin
14204,Julius Thomas,te,mia
16787,Marqise Lee,wr,jax
9597,Jay Cutler,qb,mia
18415,Cooper Kupp,wr,lar
15873,Markus Wheaton,wr,chi
15878,Terrance Williams,wr,dal
18322,OJ Howard,te,tb
12537,Jared Cook,te,oak
15786,Tavon Austin,wr,lar
14163,Tyrod Taylor,qb,cle
17175,Chris Boswell,k,pit
60019,Giants d_st,d_st,nyg
17172,Cairo Santos,k,nyj
60010,Titans d_st,d_st,ten
60001,Falcons d_st,d_st,atl
12649,Julian Edelman,wr,ne
17809,Will Fuller V,wr,hou
18187,Alvin Kamara,rb,no
17514,JJ Nelson,wr,ari
18382,Evan Engram,te,nyg
14198,Dion Lewis,rb,ten
60024,Chargers d_st,d_st,lac
18211,Marlon Mack,rb,ind
15918,Caleb Sturgis,k,lac
60033,Ravens d_st,d_st,bal
16766,CJ Fiedorowicz,te,hou
18292,George Kittle,te,sf
60002,Bills d_st,d_st,buf
18171,Tarik Cohen,rb,chi
15062,Travis Benjamin,wr,lac
17384,Charcandrick West,rb,kc
14909,Kendall Wright,wr,min
17177,Taylor Gabriel,wr,chi
60021,Eagles d_st,d_st,phi
16724,Blake Bortles,qb,jax
60006,Cowboys d_st,d_st,dal
13197,Sam Bradford,qb,ari
18168,Mitchell Trubisky,qb,chi
4512,Anquan Boldin,wr,buf
17690,Jesse James,te,pit
17171,Brandon McManus,k,den
13553,Victor Cruz,wr,chi
14901,Dwayne Allen,te,ne
18246,Deshaun Watson,qb,hou
18303,David Njoku,te,cle
17923,Jonathan Williams,rb,no
14938,Luke Kuechly,lb,car
13284,Sean Lee,lb,dal
14979,Bobby Wagner,lb,sea
13979,JJ Watt,de,hou
16710,Khalil Mack,de,oak
17559,Trey Flowers,de,ne
16727,Ryan Shazier*,lb,pit
13262,NaVorro Bowman,lb,oak
17679,Kwon Alexander,lb,tb
17796,Joey Bosa,de,lac
11533,Jerrell Freeman,lb,chi
14973,Zach Brown,lb,wsh
10478,Paul Posluszny,lb,jax
17692,Landon Collins,s,nyg
15830,Jamie Collins Sr,lb,cle
15806,Alec Ogletree,lb,nyg
13256,Jason Pierre-Paul,de,tb
16767,Christian Kirksey,lb,cle
17936,Jatavis Brown,lb,lac
17623,Benardrick McKinney,lb,hou
16762,Preston Brown,lb,cin
17837,Deion Jones,lb,atl
14140,KJ Wright,lb,sea
13395,Reshad Jones,s,mia
18185,Reuben Foster,lb,sf
17452,Eric Kendricks,lb,min
17806,Keanu Neal,s,atl
13976,Von Miller,lb,den
13338,Barry Church,s,jax
16734,Jadeveon Clowney,de,hou
17159,Telvin Smith,lb,jax
18079,Jalen Richard,rb,oak
15819,Kiko Alonso,lb,mia
10481,Eric Weddle,s,bal
14926,Melvin Ingram,lb,lac
17145,Brandon Coleman,wr,no
17888,Malcolm Mitchell,wr,ne
60014,Rams d_st,d_st,lar
1440,Phil Dawson,k,ari
18341,Chris Carson,rb,sea
17678,TJ Yeldon,rb,jax
11383,Tim Hightower,rb,sf
5549,Steven Jackson,rb,ne
17668,Nelson Agholor,wr,phi
18181,DeAngelo Henderson,rb,den
9329,Nick Novak,k,lac
16172,Jaron Brown,wr,sea
17964,Michael Thomas,wr,lar
18452,Younghoe Koo,k,lac
15246,Vontaze Burfict,lb,cin
30023,Steelers Coach HC,coach,pit
30017,Patriots Coach HC,coach,ne
30001,Falcons Coach HC,coach,atl
15153,Johnny Hekker,p,lar
8513,Dustin Colquitt,p,kc
30026,Seahawks Coach HC,coach,sea
13336,Kam Chancellor,s,sea
30022,Cardinals Coach HC,coach,ari
30010,Titans Coach HC,coach,ten
15831,Johnathan Cyprien,s,ten
30002,Bills Coach HC,coach,buf
16720,CJ Mosley,lb,bal
30029,Panthers Coach HC,coach,car
30009,Packers Coach HC,coach,gb
17988,Lachlan Edwards,p,nyj
30004,Bengals Coach HC,coach,cin
30024,Chargers Coach HC,coach,lac
30018,Saints Coach HC,coach,no
30034,Texans Coach HC,coach,hou
30019,Giants Coach HC,coach,nyg
18233,Wayne Gallman,rb,nyg
9789,Sam Koch,p,bal
15389,Marquette King,p,den
12773,Britton Colquitt,p,cle
17768,Matt Darr,p,mia
2273,Shane Lechler,p,hou
17982,Riley Dixon,p,den
10459,Lawrence Timmons,lb,mia
17685,Bradley Pinion,p,sf
17218,Brad Wing,p,nyg
10238,Jon Ryan,p,sea
17208,Orleans Darkwa,rb,nyg
18302,Dede Westbrook,wr,jax
60025,49ers d_st,d_st,sf
5209,Tony Romo,qb,dal
9354,Robbie Gould,k,sf
18354,Joe Williams,rb,sf
17746,Josh Lambo,k,jax
18328,DeShone Kizer,qb,gb
12477,Brian Hoyer,qb,ne
8416,Alex Smith,qb,wsh
14151,Jeremy Kerley,wr,nyj
17794,Jared Goff,qb,lar
17455,Trevor Siemian,qb,min
15837,Mike Glennon,qb,ari
17616,Javorius Allen,rb,bal
60003,Bears d_st,d_st,chi
5557,Benjamin Watson,te,no
14816,Kai Forbath,k,min
14145,Charles Clay,te,buf
14894,Robert Turbin,rb,ind
30006,Cowboys Coach HC,coach,dal
17143,Branden Oliver,rb,lac
18424,Matt Breida,rb,sf
60027,Buccaneers d_st,d_st,tb
17438,Jason Myers,k,sea
16782,Jerick McKinnon,rb,sf
17758,Quincy Enunwa,wr,nyj
18454,Kaimi Fairbairn,k,hou
12460,Graham Gano,k,car
13340,Kurt Coleman,s,no
13971,Cameron Jordan,de,no
17468,Vic Beasley Jr,de,atl
16195,Tony Jefferson,s,bal
13252,Eric Berry,s,kc
14982,Olivier Vernon,de,nyg
17680,Danielle Hunter,de,min
11284,Calais Campbell,dt,jax
13274,Carlos Dunlap,de,cin
18416,Brian Hill,rb,cin
15813,Kenny Vaccaro,s,no
13264,Morgan Burnett,s,pit
17804,Karl Joseph,s,oak
14984,Akiem Hicks,dt,chi
13281,Linval Joseph,dt,min
17669,Leonard Williams,dt,nyj
14933,Donta Hightower,lb,ne
9424,Lorenzo Alexander,de,buf
14985,Lavonte David,lb,tb
13985,Muhammad Wilkerson,de,gb
15811,Sheldon Richardson,de,min
14945,Harrison Smith,s,min
13234,Ndamukong Suh,dt,lar
15934,Vince Williams,lb,pit
16769,Lamarcus Joyner,cb,lar
12527,Patrick Chung,s,ne
9793,Antoine Bethea,s,ari
16562,AJ Bouye,cb,jax
16735,Ha Ha Clinton-Dix,s,gb
14932,Mark Barron,lb,lar
15865,DJ Swearinger,s,wsh
18190,Jarrad Davis,lb,det
15124,Josh Norman,cb,wsh
18192,Jabrill Peppers,s,cle
16269,Bradley McDougald,s,sea
13239,Brandon Graham,de,phi
15851,Tyrann Mathieu,cb,hou
16039,Jahleel Addae,s,lac
15428,Jermaine Kearse,wr,nyj
12417,Cameron Wake,de,mia
16723,Deone Bucannon,lb,ari
4468,Terrell Suggs,lb,bal
13304,TJ Ward,s,tb
16716,Aaron Donald,dt,lar
17479,Byron Jones,s,dal
17842,Sean Davis,s,pit
12762,Michael Bennett,de,phi
11326,Cliff Avril,de,sea
17845,Vonn Bell,s,no
15960,Micah Hyde,s,buf
17799,DeForest Buckner,dt,sf
13373,Everson Griffen,de,min
14939,Dontari Poe,dt,car
11351,Quintin Demps,s,chi
13973,Ryan Kerrigan,de,wsh
14977,Tavon Wilson,s,det
13992,Marcell Dareus,dt,jax
16473,Jeff Heath,s,dal
15074,Danny Trevathan,lb,chi
17576,Frank Clark,de,sea
17319,Malcolm Butler,cb,ten
15862,Kawann Short,dt,car
15785,Ezekiel Ansah,de,det
17885,BJ Goodson,lb,nyg
15075,Nigel Bradham,lb,phi
15979,Jordan Poyer,s,buf
8430,Derrick Johnson,lb,kc
13245,Jerry Hughes,de,buf
30021,Eagles Coach HC,coach,phi
15861,Logan Ryan,cb,ten
11364,Gary Barnidge,te,cle
14048,Justin Houston,lb,kc
17494,Jordan Hicks,lb,phi
30011,Colts Coach HC,coach,ind
12432,Robert Ayers,de,tb
30013,Raiders Coach HC,coach,oak
18220,Jamal Adams,s,nyj
30030,Jaguars Coach HC,coach,jac
17808,Darron Lee,lb,nyj
14086,Richard Sherman,cb,sf
18167,Myles Garrett,de,cle
17811,Laquon Treadwell,wr,min
30016,Vikings Coach HC,coach,min
13248,Derrick Morgan,de,ten
30028,Redskins Coach HC,coach,was
13977,Cameron Heyward,dt,pit
15380,Damon Harrison,dt,nyg
30012,Chiefs Coach HC,coach,kc
30033,Ravens Coach HC,coach,bal
17846,James Bradberry,cb,car
17856,Kenyan Drake,rb,mia
14941,Fletcher Cox,dt,phi
17838,Sua Cravens,s,den
17813,Artie Burns,cb,pit
60005,Browns d_st,d_st,cle
60011,Colts d_st,d_st,ind
18327,Zane Gonzalez,k,cle
9400,Lance Moore,wr,atl
16760,Jimmy Garoppolo,qb,sf
15705,Josh Gordon,wr,cle
60013,Raiders d_st,d_st,oak
8461,Mike Nugent,k,chi
15853,Vance McDonald,te,pit
18178,Jake Elliott,k,phi
14908,Michael Floyd,wr,min
17840,Tyler Boyd,wr,cin
18314,Aaron Jones,rb,gb
14085,Virgil Green,te,lac
60018,Saints d_st,d_st,no
18229,Joshua Dobbs,qb,pit
11291,Chad Henne,qb,kc
16943,Tom Savage,qb,hou
3609,Josh McCown,qb,nyj
18350,Mack Hollins,wr,phi
14001,Colin Kaepernick,qb,sf
60008,Lions d_st,d_st,det
11258,Chris Johnson,rb,ari
17505,Jeremy Langford,rb,nyj
60009,Packers d_st,d_st,gb
5893,Mike Adams,s,car
17638,Chris Conley,wr,kc
13203,CJ Spiller,rb,kc
18210,Patrick Mahomes,qb,kc
60028,Redskins d_st,d_st,was
12731,Ryan Succop,k,ten
10621,Nick Folk,k,tb
15839,Marquise Goodwin,wr,sf
17643,Phillip Dorsett,wr,ne
18306,JuJu Smith-Schuster,wr,pit
2549,Mike Vick,qb,pit
17747,Andrew Franks,k,mia
14906,James Hanna,te,dal
18170,Chad Hansen,wr,nyj
9613,DeAngelo Williams,rb,pit
15807,Cordarrelle Patterson,wr,ne
17169,Chandler Catanzaro,k,tb
18038,Kasen Williams,wr,cle
14164,Aldrick Robinson,wr,sf
13204,Ryan Mathews,rb,phi
12699,Zach Miller*,te,chi
11658,Mike Tolbert,rb,buf
16781,Paul Richardson,wr,wsh
17741,Zach Zenner,rb,det
18401,Davis Webb,qb,nyg
14878,Brandon Weeden,qb,hou
17989,Dwayne Washington,rb,det
17139,Corey Washington,wr,dal
14158,DJ Williams,te,wsh
60020,Jets d_st,d_st,nyj
15351,Derrick Coleman,rb,atl
15647,Chase Ford,te,bal
11737,Connor Barth,k,chi
13228,Jermaine Gresham,te,ari
15091,Randy Bullock,k,cin
16889,Andre Williams,rb,lac
16002,Kyle Juszczyk,rb,sf
12506,David Johnson,te,pit
17789,Akeem Hunt,rb,kc
2622,Steve Smith Sr,wr,bal
18089,Chester Rogers,wr,ind
18295,Carlos Henderson,wr,den
17761,Seth Roberts,wr,oak
17886,Tyler Higbee,te,lar
17138,Damien Williams,rb,kc
17994,Charone Peake,wr,nyj
16795,Austin Seferian-Jenkins,te,jax
18031,Erik Swoope,te,ind
14403,Andre Holmes,wr,buf
17890,Ricardo Louis,wr,cle
18037,Eli Rogers,wr,pit
18188,ArDarius Stewart,wr,nyj
17134,Alfred Blue,rb,hou
18396,Jeremy McNichols,rb,sf
18313,Elijah McGuire,rb,nyj
18224,Taywan Taylor,wr,ten
17182,Albert Wilson,wr,mia
17567,Nick Boyle,te,bal
17895,Tyler Ervin,rb,hou
18276,Adam Shaheen,te,chi
17910,Seth DeValve,te,cle
18195,Elijah Hood,rb,oak
15369,Lance Dunbar,rb,lar
15893,Andre Ellington,rb,hou
17742,Malcolm Brown,rb,lar
17711,AJ Derby,te,mia
9592,Vernon Davis,te,wsh
15887,Ryan Griffin,te,hou
17141,Kapri Bibbs,rb,wsh
12669,Kevin Huber,p,cin
18459,Cooper Rush,qb,dal
18183,Jonnu Smith,te,ten
18110,Geronimo Allison,wr,gb
16793,Cody Latimer,wr,nyg
14875,Robert Griffin III,qb,bal
14914,Brian Quick,wr,wsh
18286,TJ Logan,rb,ari
30015,Dolphins Coach HC,coach,mia
17906,Kenneth Dixon,rb,bal
14353,Scott Tolzien,qb,ind
18088,Glenn Gronkowski,rb,ne
17843,Roberto Aguayo,k,lac
18027,Stephen Anderson,te,hou
17781,Rod Smith,rb,dal
17814,Paxton Lynch,qb,den
14993,Greg Zuerlein,k,lar
18201,Amara Darboh,wr,sea
17194,Isaiah Burse,wr,lac
17219,Jordan Gay,k,ten
12471,Chase Daniel,qb,chi
17653,Tyler Varga,rb,ind
13097,Darrel Young,rb,car
16024,Kerwynn Williams,rb,ari
17633,Marcus Peters,cb,lar
14583,Kamar Aiken,wr,ind
18109,Don Jackson,rb,gb
10517,Jacoby Jones,wr,pit
18056,Anthony Dable,wr,atl
15980,Levine Toilolo,te,det
18172,Donnel Pumphrey,rb,phi
10447,Calvin Johnson,wr,det
18029,Terrell Watson,rb,nyg
12570,Darrius Heyward-Bey,wr,pit
18242,Jake Butt,te,den
18315,TreDavious White,cb,buf
13980,Patrick Peterson,cb,ari
13843,Marcus Sherels,cb,min
13240,Gerald McCoy,dt,tb
15850,Bennie Logan,dt,ten
30027,Buccaneers Coach HC,coach,tb
17756,Adam Humphries,wr,tb
18272,Chris Godwin,wr,tb
15003,Rhett Ellison,te,nyg
8429,Thomas Davis,lb,car
17394,Todd Davis,lb,den
10138,Ahmad Brooks,de,gb
15002,Brandon Marshall,lb,den
17859,Daryl Worley,cb,phi
14964,Derek Wolfe,de,den
17654,Ronald Darby,cb,phi
17798,Jalen Ramsey,cb,jax
17229,Bashaud Breeland,cb,wsh
14860,Craig Robertson,lb,no
13333,Nolan Carroll II,cb,dal
14398,Chris Harris Jr,cb,den
17802,Vernon Hargreaves III,cb,tb
12691,Jason McCourty,cb,ne
17671,Malcom Brown,dt,ne
10913,Brent Grimes,cb,tb
14047,Jurrell Casey,dt,ten
17833,AShawn Robinson,dt,det
17825,Xavien Howard,cb,mia
15047,Malik Jackson,dt,jax
17691,Eli Harold,de,sf
12760,Chris Baker,dt,cin
14989,Trumaine Johnson,cb,nyj
15019,Jared Crick,dt,den
13311,Geno Atkins,dt,cin
17655,Mario Edwards Jr,dt,oak
17801,Eli Apple,cb,nyg
11366,Orlando Scandrick,cb,wsh
9720,Kyle Williams,dt,buf
15875,Brandon Williams,dt,bal
13251,Earl Thomas,s,sea
14133,Byron Maxwell,cb,sea
14974,Janoris Jenkins,cb,nyg
14966,Casey Hayward,cb,lac
10477,Alan Branch,dt,ne
17589,Grady Jarrett,dt,atl
17254,Avery Williamson,lb,nyj
9598,Haloti Ngata,dt,phi
17803,Sheldon Rankins,dt,no
17821,Jaylon Smith,lb,dal
9614,Marcedes Lewis,te,jax
17180,Patrick Murray,k,tb
15896,Brice Butler,wr,ari
17973,Rico Gathers,te,dal
18165,Aldrick Rosas,k,nyg
13536,Joique Bell,rb,det
18101,Xavier Grimble,te,pit
9695,Jason Avant,wr,kc
15948,Matt Barkley,qb,cin
17945,Jerell Adams,te,nyg
13231,Dennis Pitta*,te,bal
18392,Khalfani Muhammad,rb,ten
15407,Matt Simms,qb,atl
17173,Cody Parkey,k,chi
15204,Garrett Celek,te,sf
18232,Jordan Leggett,te,nyj
17660,Maxx Williams,te,bal
16786,Richard Rodgers,te,phi
16736,Johnny Manziel,qb,cle
18268,CJ Beathard,qb,sf
14215,Lee Smith,te,oak
16942,KaDeem Carey,rb,chi
17823,Myles Jack,lb,jax
14927,Chandler Jones,lb,ari
14023,Mason Foster,lb,wsh
17865,Leonte Carroo,wr,mia
8605,CJ Mosley,dt,nyj
17193,James Wright,wr,ind
4461,Andre Johnson,wr,ten
15755,Fozzy Whittaker,rb,car
16946,Bruce Ellington,wr,hou
15974,Dion Sims,te,chi
17605,Karlos Williams,rb,pit
16811,Shaq Evans,wr,dal
18374,Gerald Everett,te,lar
18169,Chad Williams,wr,ari
16916,Zach Hocker,k,tb
18226,Rodney Adams,wr,min
15296,Joe Banyard,rb,buf
17875,Justin Simmons,s,den
13845,Anthony Levine Sr,s,bal
11337,William Hayes,de,mia
18115,Briean Boddy-Calhoun,cb,cle
11555,Brett Kern,p,ten
15051,Brad Nortman,p,jax
15810,Xavier Rhodes,cb,min
17752,Corey Grant,rb,jax
14879,Brock Osweiler,qb,mia
17578,David Cobb,rb,chi
16121,Luke Willson,te,det
16143,Josh Hill,te,no
9639,Anthony Fasano,te,mia
17483,Neal Sterling,te,nyj
16836,Jared Abbrederis,wr,det
18252,Nathan Peterman,qb,buf
4433,James Harrison,lb,ne
14946,Bruce Irvin,lb,oak
16711,Anthony Barr,lb,min
16010,John Simon,lb,ind
5558,Karlos Dansby,lb,ari
17694,Dante Fowler Jr,de,jax
4680,Josh Brown,k,nyg
18423,Austin Carr,wr,no
17836,Christian Hackenberg,qb,nyj
15403,Derek Carrier,te,oak
18244,TJ Watt,lb,pit
17626,Aaron Ripkowski,rb,gb
17872,Cody Kessler,qb,jax
14159,Kendall Hunter,rb,no
8442,Roddy White,wr,atl
8485,Alex Smith,te,wsh
17959,Brandon Allen,qb,lar
14876,Ryan Tannehill,qb,mia
17562,Sammie Coates,wr,hou
13199,Colt McCoy,qb,wsh
17912,Tajae Sharpe,wr,ten
15904,Landry Jones,qb,pit
16810,AJ McCarron,qb,buf
14360,Matt Asiata,rb,det
17434,Bryce Petty,qb,nyj
11128,Matt Moore,qb,mia
10487,Drew Stanton,qb,cle
14904,Ladarius Green,te,pit
14895,Ronnie Hillman,rb,dal
8627,Derek Anderson,qb,car
17704,Cameron Artis-Payne,rb,car
17137,Jeff Janis,wr,cle
15245,Giorgio Tavecchio,k,oak
17743,Kyle Brindza,k,nyj
4245,Billy Cundiff,k,cle
3504,Shayne Graham,k,atl
17695,Matt Jones,rb,ind
18052,Jordan Taylor,wr,den
30007,Broncos Coach HC,coach,den
10465,Reggie Nelson,s,oak
17900,Demarcus Robinson,wr,kc
13214,James Starks,rb,gb
9838,Marques Colston,wr,no
14073,Matt Bosher,p,atl
14936,Whitney Mercilus,lb,hou
17504,Jake Ryan,lb,gb
12438,Clay Matthews,lb,gb
11254,Aqib Talib,cb,lar
17635,Danny Shelton,dt,ne
15809,Eric Reid,s,sf
3530,Julius Peppers,de,car
17259,Aaron Lynch,de,chi
15222,Rodney McLeod,s,phi
17664,Markus Golden,lb,ari
13045,Jonathan Casillas,lb,nyg
17891,DeVondre Campbell,lb,atl
12426,Malcolm Jenkins,s,phi
14942,Stephon Gilmore,cb,ne
14943,Morris Claiborne,cb,nyj
15863,Darius Slay,cb,det
17216,Pat ODonnell,p,chi
15812,Desmond Trufant,cb,atl
15906,Stacy McGee,dt,wsh
12423,Darius Butler,cb,ind
12716,Glover Quin,s,det
10693,Ahmad Bradshaw,rb,ind
17370,Freddie Martino,wr,tb
18296,Trent Taylor,wr,sf
16313,Brandon Williams,te,ind
12503,Rashad Jennings,rb,nyg
15836,Gavin Escobar,te,cle
18000,Zac Brooks,rb,sea
17928,Trevor Davis,wr,gb
17613,Brett Hundley,qb,gb
14007,Lance Kendricks,te,gb
16285,Timothy Wright,te,det
10287,Daniel Fells,te,nyg
11319,Craig Stevens,te,ten
10521,Matt Spaeth,te,pit
12548,Bear Pascoe,te,ne
13538,Richie Brockel,te,car
15688,Brandon Bostick,te,nyj
17631,Rory Anderson,te,buf
15120,Greg Scruggs,te,ne
15991,Justice Cunningham,te,lar
17188,Brian Leonhardt,te,min
17342,Fitzgerald Toussaint,rb,pit
18333,Bucky Hodges,te,min
30008,Lions Coach HC,coach,det
16717,Jimmie Ward,s,sf
17226,Ross Cockrell,cb,car
17553,Dezmin Lewis,wr,buf
15112,Korey Toomer,lb,sf
16802,DeMarcus Lawrence,de,dal
12453,Brian Cushing,lb,hou
9712,Elvis Dumervil,lb,sf
18288,Marquel Lee,lb,oak
14929,Nick Perry,lb,gb
17599,Bud Dupree,lb,pit
15866,Jamar Taylor,cb,cle
18205,Chad Kelly,qb,den
17870,Jacoby Brissett,qb,ind
14500,Jeremy Ross,wr,ari
17620,Shane Ray,lb,den
17644,Denzel Perryman,lb,lac
17828,Reggie Ragland,lb,kc
17543,Clayton Geathers,s,ind
16728,Teddy Bridgewater,qb,nyj
10491,David Harris,lb,ne
15877,Shawn Williams,s,cin
17852,Yannick Ngakoue,de,jax
14014,Terrell McClain,dt,wsh
17819,Emmanuel Ogbah,de,cle
12619,Mike Mitchell,s,pit
16751,Trent Murphy,de,buf
14297,Ron Parker,s,kc
17800,Leonard Floyd,lb,chi
15070,Tahir Whitehead,lb,oak
16798,Stephon Tuitt,de,pit
16707,Dee Ford,lb,kc
10613,William Gay,cb,nyg
8421,Adam Jones,cb,cin
15017,Keenan Robinson,lb,nyg
13984,Robert Quinn,lb,mia
16785,Tim Jernigan,dt,phi
15841,Johnathan Hankins,dt,ind
13989,Corey Liuget,dt,lac
17280,Cassius Marsh,de,sf
17663,Arik Armstead,de,sf
11250,Dominique Rodgers-Cromartie,cb,nyg
13236,Devin McCourty,s,ne
13990,Nick Fairley,dt,no
16726,Jason Verrett,cb,lac
11347,Dwight Lowery,s,lac
13344,Perrish Cox,cb,ten
17475,Clive Walford,te,nyj
17807,Shaq Lawson,de,buf
15852,TJ McDonald,s,mia
14944,Michael Brockers,dt,lar
12436,Michael Johnson,de,cin
13965,Adrian Clayborn,de,ne
17903,Blake Martinez,lb,gb
17542,Justin Hardy,wr,atl
17777,Will Tye,te,ne
12895,Steve McLendon,dt,nyj
15802,Star Lotulelei,dt,buf
17710,Steven Nelson,cb,kc
17995,Keith Marshall,rb,wsh
18035,Byron Marshall,rb,wsh
17971,Elandon Roberts,lb,ne
17448,Jaquiski Tartt,s,sf
17688,Shaq Thompson,lb,car
13975,Prince Amukamara,cb,chi
14202,Pernell McPhee,lb,wsh
17577,Trae Waynes,cb,min
18093,Kenneth Farrow,rb,lac
17893,Pharoh Cooper,wr,lar
14987,Tyrone Crawford,dt,dal
16019,William Gholston,de,tb
14978,Mychal Kendricks,lb,phi
16719,Bradley Roby,cb,den
14214,Malcolm Smith,lb,sf
15820,David Amerson,cb,kc
15844,Margus Hunt,de,ind
12613,Jairus Byrd,s,car
17826,Noah Spence,de,tb
17933,Alex Collins,rb,bal
11401,Erik Walden,lb,ten
16773,Kony Ealy,de,dal
15855,Christine Michael,rb,ind
11236,Chris Long,de,phi
17990,Daniel Lasco,rb,no
15235,Tashaun Gipson,s,jax
14036,Jabaal Sheard,lb,ind
17911,Cardale Jones,qb,lac
17709,Jaelen Strong,wr,jax
14471,Nick Bellore,lb,det
13681,Tramaine Brock,cb,den
16026,Quinton Patton,wr,nyj
11363,Brandon Carr,cb,bal
15888,Marcus Cooper Sr,cb,chi
10458,Darrelle Revis,cb,kc
17136,Dontrelle Inman,wr,chi
17665,Dorial Green-Beckham,wr,phi
13958,Andrew Hawkins,wr,cle
15916,Devin Taylor,de,nyg
17700,Mike Davis,rb,sea
15419,DeShawn Shead,cb,det
15977,Gerald Hodges,lb,no
15005,Jaye Howard,dt,chi
15983,Cobi Hamilton,wr,ari
14016,Chris Conte,s,tb
10611,Corey Graham,s,phi
18346,Eric Saubert,te,atl
17195,Trey Burton,te,chi
17764,Ricardo Allen,s,atl
5713,Andy Lee,p,ari
18455,Matt Haack,p,mia
13939,Andrew Sendejo,s,min
17848,Kevin Byard,s,ten
17258,Maurice Alexander,s,sea
18239,Taco Charlton,de,dal
13645,Darian Stewart,s,den
18116,Corey Moore,s,hou
15817,Robert Alford,cb,atl
17381,Terrance Mitchell,cb,cle
17374,Keith Smith,lb,oak
18305,Adoree Jackson,cb,ten
18051,RJ Harris,wr,no
17755,Lucky Whitehead,wr,nyj
17189,Demetrius Harris,te,kc
17876,Joe Schobert,lb,cle
18363,Haason Reddick,lb,ari
15125,Nate Ebner,s,ne
18281,Malik Hooker,s,ind
10451,LaRon Landry,s,ind
8664,Ryan Fitzpatrick,qb,tb
10605,Brent Celek,te,phi
17937,Andy Janovich,rb,den
15864,Geno Smith,qb,lac
9588,Reggie Bush,rb,buf
13409,Marc Mariani,wr,ten
5941,Wes Welker,wr,lar
13211,Toby Gerhart,rb,jax
17718,DeAndre Smelter,wr,ind
18106,Peyton Barber,rb,tb
17383,RaShaun Allen,te,hou
17958,Cody Core,wr,cin
17607,Darren Waller,te,bal
17983,Demarcus Ayers,wr,chi
18426,Justin Vogel,p,gb
15845,Justin Hunter,wr,pit
16569,Myles White,wr,nyj
17021,Aaron Murray,qb,kc
14911,Rueben Randle*,wr,chi
14189,Jordan Cameron,te,mia
18075,Devon Johnson,rb,car
18214,Josh Reynolds,wr,lar
9780,Bruce Gradkowski,qb,pit
9667,Charlie Whitehurst,qb,cle
5636,Will Allen,s,pit
5651,Jared Allen,de,car
13207,Dexter McCluster,rb,lac
12568,Brian Hartline,wr,cle
12482,Mark Sanchez,qb,chi
5531,Kellen Winslow,te,nyj
14877,Nick Foles,qb,phi
18077,Jalin Marshall,wr,nyj
18466,Keelan Cole,wr,jax
18046,Andy Jones,wr,det
18435,Rannell Hall,wr,cle
18431,Ricky Seals-Jones,te,ari
13524,Seyi Ajirotutu,wr,phi
12703,Captain Munnerlyn,cb,car
14859,Michael Wilhoite,lb,sea
17264,Will Compton,lb,ten
13254,Kareem Jackson,cb,hou
5564,Daryl Smith,lb,tb
18123,Edwin Jackson,lb,ind
13249,Joe Haden,cb,pit
12674,Rashad Johnson,s,ten
11373,Jacob Tamme,te,atl
13766,Vincent Rey,lb,cin
17708,Damarious Randall,cb,cle
18259,Marcus Maye,s,nyj
18026,Cole Wick,te,sf
14723,Chris Jones,p,dal
12701,Thomas Morstead,p,no
14950,Bryan Anger,p,tb
18376,Matthew Dayes,rb,cle
15001,Keith Tandy,s,tb
18036,Max McCaffrey,wr,sf
18304,Isaiah McKenzie,wr,den
9270,Joshua Cribbs,wr,ind
17927,Kevin Hogan,qb,wsh
13371,Garrett Graham,te,den
16227,Russell Shepard,wr,car
16023,Marquess Wilson,wr,phi
18006,Josh Ferguson,rb,ind
15951,Denard Robinson,rb,jax
15885,Charles Johnson,wr,nyj
18076,Keyarris Garrett,wr,car
14255,DuJuan Harris,rb,jax
11276,Eddie Royal,wr,chi
11467,Justin Forsett,rb,den
9643,Devin Hester,wr,sea
13198,Jimmy Clausen,qb,bal
15776,Brandon Bogotay,k,tb
18126,Matt Lengel,te,cle
18039,Reggie Bell,wr,no
18059,Devon Cajuste,wr,cle
18096,Paul Lasike,rb,chi
9610,Johnathan Joseph,cb,hou
9721,Rob Ninkovich,lb,ne
13489,Mike Williams,wr,kc
15923,Mychal Rivera,te,jax
12692,Clinton McDonald,dt,den
14320,Mario Addison,de,car
18456,Rigoberto Sanchez,p,ind
30020,Jets Coach HC,coach,nyj
15926,Jeff Locke,p,sf
15928,Sam Martin,p,det
15936,Steven Means,de,phi
16945,DeAnthony Thomas,wr,kc
5662,Josh Scobee,k,no
14916,Keshawn Martin,wr,det
17604,Nick OLeary,te,buf
17433,Andre Debose,wr,ind
14275,Jerrod Johnson,qb,dal
15624,Damaris Johnson,wr,ten
13945,Tyler Clutts,rb,dal
13987,Blaine Gabbert,qb,ten
15045,Emmanuel Acho,lb,phi
18437,Tyrell Adams,lb,ind
14152,Sam Acho,lb,chi
18228,Jamal Agnew,cb,det
18184,Jonathan Allen,dt,wsh
13291,Mike Neal,de,gb
14466,Isa Abdul-Quddus,s,mia
15856,Kevin Minter,lb,nyj
17889,Nick Kwiatkoski,lb,chi
16055,Benny Cunningham,rb,chi
15985,Jelani Jenkins,lb,hou
17934,Rashard Higgins,wr,cle
16775,Crockett Gillmore,te,bal
11318,Harry Douglas,wr,ten
17167,Corey Brown,wr,buf
17564,CJ Uzomah,te,cin
4463,Terence Newman,cb,min
14332,Patrick DiMarco,rb,buf
5615,Matt Schaub,qb,atl
15231,Michael Thomas,s,nyg
15085,George Iloka,s,cin
17647,Adrian Amos,s,chi
9635,Kellen Clemens,qb,lac
14918,Jarius Wright,wr,car
17230,EJ Gaines,cb,cle
16449,LaRoy Reynolds,lb,atl
8644,Matt Cassel,qb,det
14143,DaNorris Searcy,s,car
15653,Jamize Olawale,rb,dal
17583,Jeff Heuerman,te,den
17972,Darius Jackson,rb,cle
15213,Robert Golden,s,kc
15040,Nathan Stupar,lb,no
15190,Duke Ihenacho,s,nyg
15503,Deonte Thompson,wr,dal
18043,DJ Foster,rb,ari
11688,Dan Carpenter,k,buf
15867,Manti Teo,lb,no
15803,EJ Manuel,qb,oak
10195,Fred Jackson,rb,sea
14958,Demario Davis,lb,no
15981,Stepfan Taylor,rb,ari
14518,Shaun Draughn,rb,nyg
15632,Jonathan Grimes,rb,jax
15707,Larry Donnell,te,bal
15501,Bobby Rainey Jr,rb,bal
9307,Nate Washington,wr,ne
10572,Scott Chandler*,te,ne
13995,Kelvin Sheppard,lb,nyg
15555,Joshua Bellamy,wr,chi
9684,Owen Daniels,te,den
12497,Arian Foster,rb,mia
11269,Brandon Flowers,cb,lac
4260,Shaun Hill,qb,min
12454,James Laurinaitis,lb,no
17242,Zachary Orr*,lb,bal
17379,Steven Terrell,s,kc
13357,Jim Dray,te,ari
13165,Josh Mauga,lb,kc
13158,Antone Smith,rb,tb
9620,DQwell Jackson,lb,ind
15968,Mike James,rb,det
9594,Donte Whitner,s,wsh
5633,Jerricho Cotchery,wr,car
17760,Matt Hazel,wr,cle
18198,Brad Kaaya,qb,ind
9530,John Kuhn,rb,no
10467,Dwayne Bowe,wr,cle
13210,Ben Tate,rb,pit
5432,Tramon Williams,cb,gb
14890,LaMike James,rb,mia
18436,Algernon Brown,rb,nyj
9361,Shaun Suisham,k,pit
17849,Carl Nassib,de,cle
18308,Budda Baker,s,ari
15976,Alex Okafor,de,no
12439,Brian Orakpo,lb,ten
18351,Dylan Donahue,de,nyj
17759,Jerome Cunningham,te,ten
13555,Jeff Cumberland,te,lac
17445,DiAndre Campbell,wr,sf
17957,Derek Watt,rb,lac
18058,Alex Erickson,wr,cin
14114,TJ Yates,qb,hou
14882,Kellen Moore,qb,dal
18095,Joshua Perkins,te,phi
16814,Zach Mettenberger,qb,pit
16382,Ryan Allen,p,ne
16884,Storm Johnson,rb,mia
17737,Terrence Magee,rb,atl
17507,Keith Mumphery,wr,hou
18422,Ishmael Zamora,wr,oak
18202,Jehu Chesson,wr,kc
18219,Malachi Dupre,wr,buf
18453,Tanner Gentry,wr,chi
15998,Josh Boyce,wr,cle
17398,Connor Shaw,qb,chi
17441,James OShaughnessy,te,jax
18433,Cole Hikutini,te,sf
17740,Gus Johnson,rb,lac
18216,Josh Malone,wr,cin
18217,Derek Barnett,de,phi
18323,Alex Anzalone,lb,no
18280,Solomon Thomas,de,sf
15621,Will Hill,s,bal
18153,Eric Tomlinson,te,nyj
2797,Brian Moorman,p,buf
15989,Josh Boyd,dt,ind
14994,Mike Daniels,dt,gb
10522,James Jones,wr,lac
14051,Ryan Williams,rb,dal
18024,Ben Braunecker,te,chi
17956,Danny Vitale,rb,cle
14024,Greg Little,wr,buf
17149,Antonio Andrews,rb,ten
18425,Corey Clement,rb,phi
13387,Michael Hoomanawanui,te,no
13225,Riley Cooper,wr,phi
9587,Mario Williams,de,mia
9606,Tamba Hali,lb,kc
18397,Jordan Willis,de,cin
18414,Ryan Anderson,de,wsh
18390,Chidobe Awuzie,cb,dal
18377,Josh Jones,s,gb
18438,Jonathan Jones,cb,ne
17206,Matt Blanchard,qb,chi
17488,Kenny Bell,wr,den
18465,Justin Davis,rb,lar
18464,Jacob Hollister,te,ne
17877,Connor Cook,qb,oak
17437,Jordan Berry,p,pit
18100,Tommylee Lewis,wr,no
18050,Damiere Byrd,wr,car
30003,Bears Coach HC,coach,chi
30014,Rams Coach HC,coach,lar
30005,Browns Coach HC,coach,cle
30025,49ers Coach HC,coach,sf
13726,Logan Paulsen,te,atl
16797,Troy Niklas,te,ne
17157,Travis Coons,k,lac
17645,Ben Koyack,te,jax
16772,Kyle Van Noy,lb,ne
18018,Zach Vigil,lb,wsh
3539,Dwight Freeney,lb,det
14387,Jonathan Freeny,lb,det
18124,Mack Brown,rb,min
18420,Freddie Stevenson,rb,chi
11920,Leger Douzable,dt,sf
17625,Jordan Phillips,dt,mia
18082,Tanner McEvoy,wr,sea
4596,Robert Mathis,lb,ind
5631,Luke McCown,qb,dal
15168,Case Keenum,qb,den
17450,Randall Telfer,te,cle
17584,Devin Smith,wr,nyj
14037,Ryan Mallett,qb,bal
17148,Michael Campanaro,wr,ten
17883,Chris Moore,wr,bal
13484,Joe Webb,qb,hou
17965,Jeff Driskel,qb,cin
14280,Ricardo Lockette,wr,sea
15832,Knile Davis,rb,pit
17873,Nick Vannett,te,sea
15478,Brandon Bolden,rb,ne
17650,Tyler Kroft,te,cin
13272,Ed Dickson,te,sea
17154,Brenton Bersin,wr,car
17713,Geoff Swaim,te,dal
17466,Gerald Christian,te,ari
16792,Jace Amaro,te,ten
18430,Antony Auclair,te,tb
18398,DeAngelo Yancey,wr,gb
14167,Taiwan Jones,rb,buf
11543,Garrett Hartley,k,pit
16838,Tyler Gaffney,rb,jax
18053,Bernard Reedy,wr,ne
17641,Ramik Wilson,lb,lar
12644,Don Juan Carey,cb,jax
18032,Brandon Wilds,rb,jax
15805,Barkevious Mingo,lb,ind
17744,Terron Ward,rb,atl
16950,Lorenzo Taliaferro,rb,bal
11424,Ahtyba Rubin,dt,atl
12424,Vontae Davis,cb,buf
10527,Charles L Johnson,de,car
15964,AJ Klein,lb,no
17829,Kamalei Correa,lb,bal
15914,Cornelius Washington,de,det
14952,Andre Branch,de,mia
13566,Junior Galette,de,wsh
14959,Vinny Curry,de,tb
18222,Takkarist McKinley,de,atl
18094,Nelson Spruce,wr,kc
11392,Kellen Davis,te,nyj
13414,Anthony McCoy,te,sea
12585,Louis Murphy,wr,sf
16794,Bishop Sankey,rb,min
18257,Jeremy Sprinkle,te,wsh
16530,Khiry Robinson,rb,nyj
18334,Sam Rogers,rb,lar
14888,Isaiah Pead*,rb,mia
16014,Corey Fuller,wr,no
17952,Jake Rudock,qb,det
17326,Daniel Sorensen,s,kc
9638,Greg Jennings,wr,mia
17735,Michael Dyer,rb,oak
17783,Javontee Herndon,wr,dal
12550,John Phillips,te,no
11609,Wesley Woodyard,lb,ten
17954,Cory James,lb,oak
18105,Kerry Hyder,de,det
17506,Tony Lippett,cb,mia
4493,Charles Tillman,cb,car
16323,MarQueis Gray,te,mia
16813,Logan Thomas,te,buf
17943,Keenan Reynolds,wr,bal
14940,Dre Kirkpatrick,cb,cin
17642,Anthony Chickillo,lb,pit
18009,Jamie Meder,dt,cle
16729,Calvin Pryor III,s,jax
15791,Sharrif Floyd,dt,min
17922,Jordan Payton,wr,cle
11271,Curtis Lofton,lb,oak
17390,Marcus Williams,cb,hou
14100,Dwayne Harris,wr,oak
15457,Travaris Cadet,rb,buf
17340,Walter Powell,wr,buf
17444,MyCole Pruitt,te,hou
12587,Jordan Norwood,wr,den
15350,Valentino Blake,cb,nyg
18086,Troymaine Pope,rb,hou
12489,Donald Brown,rb,ne
17622,Josh Robinson,rb,ind
17968,Kelvin Taylor,rb,cle
14884,Trent Richardson,rb,bal
5749,Donnie Jones,p,phi
12689,Pat McAfee,p,ind
10713,Pierre Thomas,rb,wsh
18432,Hakeem Valles,te,det
15360,Griff Whalen,wr,oak
5546,Vince Wilfork,dt,hou
17389,Denico Autry,dt,ind
18111,Andrew Adams,s,nyg
17220,Colton Schmidt,p,buf
18468,Taquan Mizzell,rb,chi
14184,Cecil Shorts III,wr,tb
11458,Stevie Johnson,wr,lac
14192,Roy Helu Jr,rb,oak
18030,Matt LaCosse,te,den
9603,Chad Greenway,lb,min
12569,Percy Harvin*,wr,buf
12473,Josh Freeman,qb,ind
17734,Chris Matthews,wr,bal
15364,Jonas Gray,rb,jax
11369,Jerome Felton,rb,buf
17550,Tre McBride III,wr,nyj
17524,Malcolm Johnson,rb,sf
14102,David Ausberry,te,det
16755,Dri Archer,rb,buf
15921,Kenjon Barner,rb,phi
16885,Lache Seastrunk,rb,nyj
17940,Drew Kaser,p,lac
16528,Benson Mayowa,de,dal
18349,Noah Brown,wr,dal
17561,Quan Bray,wr,buf
18048,Xavier Rush,wr,no
17419,Kevin Smith,wr,sea
12519,Cedric Peerman,rb,cin
17947,Jakeem Grant,wr,mia
16784,Tre Mason,rb,lar
17953,Kolby Listenbee,wr,ind
16812,Tajh Boyd,qb,pit
17601,Rashad Greene Sr,wr,jax
18387,Stacy Coley,wr,min
18129,Alex Ellis,te,jax
18125,DJ Tialavea,te,atl
18083,Brian Parker,te,den
18081,Braedon Bowman,te,lac
18044,Bryce Williams,te,ari
18034,Anthony Denham,te,phi
18004,Beau Sandland,te,gb
17985,Thomas Duarte,te,mia
17772,Wes Saxton,te,buf
18090,Joe Callahan,qb,gb
17649,Kennard Backman,te,det
17530,Kaelin Clay,wr,car
17179,Ryan Grant,wr,ind
17751,Bennie Fowler III,wr,den
17187,Darren Fells,te,cle
17970,Aaron Burbridge,wr,sf
12449,Connor Barwin,lb,lar
17614,Ben Heeney,lb,hou
13497,Willie Young,lb,chi
10546,Brian Robison,de,min
16008,Kemal Ishmael,lb,atl
13287,Koa Misi,lb,mia
17158,Anthony Hitchens,lb,kc
15874,JJ Wilcox,s,pit
11334,Tyvon Branch,s,ari
16721,Dominique Easley,dt,lar
15799,Jarvis Jones,lb,ari
13103,Dannell Ellerbe,lb,phi
17443,Kyle Emanuel,lb,lac
17867,Kyler Fackrell,lb,gb
18085,Brian Poole,cb,atl
17854,Darian Thompson,s,nyg
17588,Stephone Anthony,lb,mia
18012,David Irving,dt,dal
15816,Sylvester Williams,dt,det
17624,Preston Smith,de,wsh
17866,Nick Vigil,lb,cin
17816,Robert Nkemdiche,dt,ari
18011,Harold Jones-Quartey,s,chi
17862,Jordan Jenkins,lb,nyj
15827,Jon Bostic,lb,pit
13233,Tyson Alualu,de,pit
12682,DeAndre Levy,lb,det
14045,Aaron Williams,s,buf
9709,Domata Peko Sr,dt,den
13305,Daryl Washington,lb,ari
10031,Tony Dewayne McDaniel,dt,no
12638,David Bruton Jr,s,wsh
18282,Marshon Lattimore,cb,no
17881,Tavon Young,cb,bal
13394,Arthur Jones,de,wsh
15973,Tommy Bohanon,rb,jax
13606,Thaddeus Lewis,qb,bal
14018,Marcus Gilchrist,s,oak
14106,Greg Salas,wr,buf
17938,Temarrick Hemingway,te,lar
17192,TJ Jones,wr,det
17140,Juwan Thompson,rb,den
15391,Rod Streater,wr,buf
15911,Tavarres King,wr,min
12597,Brandon Tate,wr,buf
15111,Daryl Richardson,rb,ind
18449,Jahad Thomas,rb,nyj
17418,Roosevelt Nix,rb,pit
18379,Zach Cunningham,lb,hou
14205,JT Thomas,lb,nyg
13935,Danario Alexander,wr,lac
12535,James Casey,te,den
17527,Dylan Thompson,qb,lar
8426,DeMarcus Ware,lb,den
18470,Victor Bolden Jr,wr,sf
18033,Jhurell Pressley,rb,atl
18384,Montravius Adams,dt,gb
13488,Kyle Williams,wr,nyj
15187,Austin Davis,qb,sea
17782,Trey Williams,rb,dal
18080,Alan Cross,te,tb
17817,Vernon Butler,dt,car
